Maji ,Water
Maji ya kunywa ,Drinking water
Kahawa ,Coffee
Chai ,Tea
Bia ,Beer
Kuku ,Chicken
Nyama ,Meat
Nyama choma ,Roast meat
Vegetables, Mboga
Samaki ,Fish
Wali ,Rice
Supu ,Soup
Baridi ,Cold
Hakuna nyama ,No meat
Hakuna maziwa ,No milk
Hakuna karanga  ,No nuts
Mimi ni mzio wa,I’m allergic to
Siwezi kula…,I cannot eat
Duka la dawa ,Pharmacy
Duka ,Shop
Dawa ,Medicine
Kesho ,Tomorrow
Wapi? ,Where?
Liko ,Where is the…?
Gani? ,What? 
Ipi? ,Which?
Nani? ,Who?
Naipenda ,I like it
Sipendi ,I don’t like it
Unaipenda? ,Do you like it? 
Nakupenda ,I love you
Pesa, Money
Sina pesa ,I don’t have money 
Sasa ,Now
Kidogo  ,A little
Pole pole  ,Slowly
Rafiki ,Friend
Choo ,Toilet
Safari njema ,Good journey
Asante ,Thank you
Asante sana ,Thank you very much
Karibu ,Welcome
Karibu sana ,You are welcome
Karibuni  ,Welcome
Lala salaama ,Goodnight
Samahani ,I am sorry
Niwie radhi, Excuse me
Tafadhali  ,Please
Pole , Sorry
Pose sana, Very sorry
Ndio ,Yes
Hapana ,No
Sawa ,Ok
Hapana asante ,No thank you 
Sitaki ,I don’t need 
Hakuna matata, No worries
Hamna shida ,No problem
Naelewa ,I understand
Sielewi ,I don’t understand
Naweza kuchukua picha yako? ,Can I take your picture?
Naomba kupiga picha? ,May I take pictures?
Unaongea Kiingereza?, Do you speak English?
"Samahani, unaweza ongea Kiingereza?","Excuse me, do you speak English? "
"La, siongei Kiingereza ","No, I don’t speak English"
Jambo ,Hello   
Sijambo ,I’m fine
Mambo ,How are you doing
Poa ,Cool 
Safi ,Fine
Freshi ,Fresh
habari yako? ,How are you?
Mzuri,good
Mzuri sana ,Very good
"Niko salama, asante. Na wewe?"," I am fine , thank you. And you?"
Shikamoo ,how are you
Marahaba ,im fine thank you
Habari za asubuhi ,Good morning
Habari za mchana ,Good afternoon
Usiku mwema ,Goodnight
Jina lako nani? ,What is your name?
Jina langu … ,My name is…
Ninafurahia kukutana nawe ,Nice to meet you 
Nafurahi kukuona ,I am happy to see you
Unatoka wapi? ,Where are you from?
Natoka… ,I’m from…
Kwaheri ,Goodbye
Tutaonana baadaye  ,See you later
Tutaonana kesho ,See you tomorrow 
Tuonane kesho ,Let’s see each other tomorrow
kama,as
mimi,I
yake,his
kwamba,that
yeye,he
mara,was
kwa,for
juu ya,on
wako,are
kwa,with
wao,they
kuwa,be
katika,at
moja,one
na,have
hii,this
kutoka,from
na,by
moto,hot
neno,word
lakini,but
nini,what
baadhi,some
ni,is
yake,it
ninyi,you
au,or
alikuwa,had
akaonekana,the
ya,of
kwa,to
na,and
a,a
katika,in
sisi,we
unaweza,can
nje,out
nyingine,other
walikuwa,were
ambayo,which
kufanya,do
yao,their
wakati,time
kama,if
mapenzi,will
jinsi,how
alisema,said
an,an
kila,each
kuwaambia,tell
gani,does
kuweka,set
tatu,three
wanataka,want
hewa,air
vizuri,well
pia,also
kucheza,play
ndogo,small
mwisho,end
kuweka,put
nyumbani,home
kusoma,read
mkono,hand
bandari,port
kubwa,large
Spell,spell
kuongeza,add
hata,even
ardhi,land
hapa,here
lazima,must
kubwa,big
high,high
kama,such
kufuata,follow
tendo,act
kwa nini,why
kuuliza,ask
wanaume,men
mabadiliko ya,change
akaenda,went
mwanga,light
aina,kind
mbali,off
haja,need
nyumba,house
picha,picture
kujaribu,try
sisi,us
tena,again
mnyama,animal
uhakika,point
mama,mother
dunia,world
karibu,near
kujenga,build
binafsi,self
dunia,earth
baba,father
yoyote,any
mpya,new
kazi,work
sehemu,part
kuchukua,take
kupata,get
mahali,place
alifanya,made
kuishi,live
ambapo,where
baada ya,after
nyuma,back
kidogo,little
tu,only
pande zote,round
mtu,man
mwaka,year
alikuja,came
Onyesha,show
kila,every
nzuri,good
mimi,me
kutoa,give
wetu,our
chini ya,under
jina,name
sana,very
kupitia,through
tu,just
aina,form
hukumu,sentence
kubwa,great
kufikiri,think
kusema,say
msaada,help
chini,low
line,line
tofauti,differ
upande,turn
sababu,cause
kiasi,much
maana,mean
kabla ya,before
hoja,move
haki,right
mvulana,boy
umri wa,old
pia,too
sawa,same
yeye,she
kila,all
huko,there
wakati,when
up,up
kutumia,use
yako,your
njia,way
kuhusu,about
wengi,many
kisha,then
yao,them
kuandika,write
ingekuwa,would
kama,like
hivyo,so
haya,these
yake,her
muda mrefu,long
kufanya,make
kitu,thing
kuona,see
naye,him
mbili,two
ina,has
kuangalia,look
zaidi,more
siku,day
inaweza,could
kwenda,go
kuja,come
alifanya,did
simu,number
sauti,sound
hakuna,no
zaidi,most
watu,people
yangu,my
juu ya,over
kujua,know
maji,water
kuliko,than
simu,call
kwanza,first
ambao,who
inaweza,may
chini,down
upande,side
imekuwa,been
sasa,now
kupata,find
kichwa,head
kusimama,stand
mwenyewe,own
ukurasa,page
lazima,should
nchi,country
kupatikana,found
jibu,answer
shule,school
kukua,grow
utafiti,study
bado,still
kujifunza,learn
kupanda,plant
cover,cover
chakula,food
jua,sun
nne,four
kati ya,between
hali,state
kuweka,keep
jicho,eye
kamwe,never
mwisho,last
basi,let
wazo,thought
mji,city
ya mti,tree
msalaba,cross
shamba,farm
ngumu,hard
kuanza,start
nguvu,might
hadithi,story
saw,saw
mbali,far
bahari,sea
kuteka,draw
kushoto,left
marehemu,late
kukimbia,run
kufanya si,don’t
wakati,while
vyombo vya habari,press
karibu,close
usiku,night
halisi,real
maisha,life
chache,few
kaskazini,north
kitabu,book
kubeba,carry
alichukua,took
sayansi,science
kula,eat
chumba,room
rafiki,friend
alianza,began
wazo,idea
samaki,fish
mlima,mountain
kuacha,stop
mara moja,once
msingi,base
kusikia,hear
farasi,horse
kata,cut
uhakika,sure
kuangalia,watch
rangi,color
uso,face
mbao,wood
kuu,main
wazi,open
wanaonekana,seem
pamoja,together
ijayo,next
nyeupe,white
watoto,children
kuanza,begin
got,got
kutembea,walk
mfano,example
kupunguza,ease
karatasi,paper
kundi,group
daima,always
muziki,music
wale,those
wote wawili,both
alama,mark
mara nyingi,often
barua,letter
mpaka,until
maili,mile
mto,river
gari,car
miguu,feet
huduma,care
pili,second
kutosha,enough
wazi,plain
msichana,girl
kawaida,usual
vijana,young
tayari,ready
juu,above
milele,ever
nyekundu,red
orodha,list
ingawa,though
kujisikia,feel
majadiliano,talk
ndege,bird
hivi karibuni,soon
mwili,body
mbwa,dog
familia,family
moja kwa moja,direct
litasababisha,pose
kuondoka,leave
wimbo,song
kupima,measure
mlango,door
bidhaa,product
nyeusi,black
mfupi,short
numeral,numeral
darasa,class
upepo,wind
swali,question
kutokea,happen
kamili,complete
meli,ship
eneo,area
nusu,half
mwamba,rock
ili,order
moto,fire
kusini,south
tatizo,problem
kipande,piece
aliiambia,told
alijua,knew
kupita,pass
tangu,since
juu,top
zima,whole
mfalme,king
mitaani,street
inchi,inch
kuzidisha,multiply
chochote,nothing
Bila shaka,course
kukaa,stay
gurudumu,wheel
full,full
nguvu,force
bluu,blue
kitu,object
kuamua,decide
uso,surface
kina,deep
mwezi,moon
kisiwa,island
mguu,foot
mfumo,system
busy,busy
mtihani,test
rekodi,record
mashua,boat
kawaida,common
dhahabu,gold
iwezekanavyo,possible
ndege,plane
badala,stead
kavu,dry
ajabu,wonder
kucheka,laugh
elfu,thousand
iliyopita,ago
mbio,ran
kuangalia,check
mchezo,game
sura,shape
wanalinganisha,equate
moto,hot
miss ya,miss
kuletwa,brought
joto,heat
theluji,snow
tairi,tire
kuleta,bring
ndiyo,yes
mbali,distant
kujaza,fill
mashariki,east
rangi,paint
lugha,language
kati ya,among
kitengo,unit
nguvu,power
mji,town
faini,fine
baadhi ya,certain
kuruka,fly
kuanguka,fall
kusababisha,lead
kilio,cry
giza,dark
mashine,machine
note,note
kusubiri,wait
mpango,plan
takwimu,figure
nyota,star
sanduku,box
nomino,noun
shamba,field
wengine,rest
sahihi,correct
uwezo,able
chupa,pound
kutenda,done
uzuri,beauty
gari,drive
alisimama,stood
vyenye,contain
mbele,front
kufundisha,teach
wiki,week
mwisho,final
alitoa,gave
kijani,green
oh,oh
haraka,quick
kuendeleza,develop
bahari,ocean
joto,warm
bure,free
dakika,minute
nguvu,strong
maalum,special
akili,mind
nyuma ya,behind
wazi,clear
mkia,tail
kuzalisha,produce
ukweli,fact
nafasi,space
habari,heard
bora,best
saa,hour
bora,better
kweli,TRUE
wakati wa,during
mia,hundred
tano,five
kumbuka,remember
hatua,step
mapema,early
kushikilia,hold
magharibi,west
ardhi,ground
maslahi,interest
kufikia,reach
haraka,fast
kitenzi,verb
kuimba,sing
kusikiliza,listen
sita,six
meza,table
usafiri,travel
chini ya,less
asubuhi,morning
kumi,ten
rahisi,simple
kadhaa,several
vowel,vowel
kuelekea,toward
vita,war
kuweka,lay
dhidi ya,against
muundo,pattern
polepole,slow
kituo cha,center
upendo,love
mtu,person
fedha,money
kutumika,serve
itaonekana,appear
barabara,road
ramani,map
mvua,rain
utawala,rule
serikali,govern
kuvuta,pull
baridi,cold
ilani,notice
sauti,voice
nishati,energy
kuwinda,hunt
kinachowezekana,probable
kitanda,bed
ndugu,brother
yai,egg
safari,ride
kiini,cell
amini,believe
labda,perhaps
kuchukua,pick
ghafla,sudden
kuhesabu,count
mraba,square
sababu,reason
urefu,length
kuwakilisha,represent
sanaa,art
somo,subject
kanda,region
ukubwa,size
kutofautiana,vary
kuishi,settle
kusema,speak
uzito,weight
ujumla,general
barafu,ice
jambo,matter
mzunguko,circle
jozi,pair
ni pamoja na,include
mgawanyiko,divide
silabi,syllable
waliona,felt
kuu,grand
mpira,ball
bado,yet
wimbi,wave
kuacha,drop
moyo,heart
ni,am
sasa,present
nzito,heavy
ngoma,dance
injini,engine
nafasi,position
mkono,arm
pana,wide
meli,sail
vifaa,material
sehemu,fraction
msitu,forest
kukaa,sit
mbio,race
dirisha,window
kuhifadhi,store
majira ya joto,summer
treni,train
usingizi,sleep
kuthibitisha,prove
ya lone,lone
mguu,leg
zoezi,exercise
ukuta,wall
kukamata,catch
mlima,mount
unataka,wish
anga,sky
bodi,board
furaha,joy
majira ya baridi,winter
ameketi,sat
imeandikwa,written
pori,wild
chombo,instrument
naendelea,kept
kioo,glass
nyasi,grass
ng’ombe,cow
kazi,job
makali,edge
ishara,sign
ziara,visit
siku za nyuma,past
laini,soft
furaha,fun
mkali,bright
gesi,gas
hali ya hewa,weather
mwezi,month
milioni,million
kubeba,bear
kumaliza,finish
furaha,happy
matumaini,hope
ua,flower
nguo,clothe
ajabu,strange
kuondoka,gone
biashara,trade
kuimba,melody
safari,trip
ofisi,office
kupokea,receive
mstari,row
kinywa,mouth
halisi,exact
ishara,symbol
kufa,die
angalau,least
shida,trouble
kelele,shout
ila,except
aliandika,wrote
mbegu,seed
tone,tone
kujiunga na,join
kupendekeza,suggest
safi,clean
mapumziko,break
mwanamke,lady
yadi,yard
kupanda,rise
mbaya,bad
pigo,blow
mafuta,oil
damu,blood
kugusa,touch
ilikua,grew
cent,cent
kuchanganya,mix
timu,team
waya,wire
gharama,cost
waliopotea,lost
kahawia,brown
kuvaa,wear
bustani,garden
sawa,equal
alimtuma,sent
kuchagua,choose
akaanguka,fell
fit,fit
kati yake,flow
haki,fair
benki,bank
kukusanya,collect
kuokoa,save
kudhibiti,control
decimal,decimal
sikio,ear
mwingine,else
kabisa,quite
kuvunja,broke
kesi,case
katikati,middle
kuua,kill
mwana,son
ziwa,lake
wakati,moment
wadogo,scale
kubwa,loud
chemchemi,spring
kuchunguza,observe
mtoto,child
moja kwa moja,straight
consonant,consonant
taifa,nation
kamusi,dictionary
maziwa,milk
kasi,speed
njia,method
chombo,organ
kulipa,pay
umri,age
sehemu,section
mavazi,dress
wingu,cloud
mshangao,surprise
utulivu,quiet
jiwe,stone
vidogo,tiny
kupanda,climb
baridi,cool
kubuni,design
maskini,poor
mengi,lot
majaribio,experiment
chini,bottom
ufunguo,key
chuma,iron
moja,single
fimbo,stick
gorofa,flat
ishirini,twenty
ngozi,skin
tabasamu,smile
na crease,crease
shimo,hole
kuruka,jump
mtoto,baby
nane,eight
kijiji,village
kukutana,meet
mizizi,root
kununua,buy
kuongeza,raise
kutatua,solve
chuma,metal
kama,whether
kushinikiza,push
saba,seven
aya,paragraph
tatu,third
atakuwa,shall
uliofanyika,held
nywele,hair
kuelezea,describe
mpishi,cook
sakafu,floor
ama,either
matokeo,result
kuchoma,burn
kilima,hill
salama,safe
paka,cat
karne ya,century
kufikiria,consider
aina,type
sheria,law
kidogo,bit
pwani,coast
nakala,copy
maneno,phrase
kimya,silent
mrefu,tall
mchanga,sand
udongo,soil
orodha,roll
joto,temperature
kidole,finger
sekta ya,industry
thamani,value
kupambana,fight
uongo,lie
kuwapiga,beat
kuchochea,excite
asili,natural
mtazamo,view
maana,sense
mji mkuu wa,capital
si,won’t
kiti,chair
hatari,danger
matunda,fruit
tajiri,rich
nene,thick
askari,soldier
mchakato,process
kazi,operate
mazoezi,practice
tofauti,separate
vigumu,difficult
daktari,doctor
tafadhali,please
kulinda,protect
saa sita mchana,noon
mazao,crop
kisasa,modern
kipengele,element
hit,hit
mwanafunzi,student
kona,corner
chama,party
usambazaji,supply
ambao,whose
Machapisho,locate
pete,ring
tabia ya,character
wadudu,insect
hawakupata,caught
kipindi,period
zinaonyesha,indicate
za Redio,radio
alizungumza,spoke
chembe,atom
binadamu,human
historia,history
athari,effect
umeme,electric
kutarajia,expect
mfupa,bone
reli,rail
kufikiria,imagine
kutoa,provide
kukubaliana,agree
hivyo,thus
mpole,gentle
mwanamke,woman
nahodha,captain
nadhani,guess
muhimu,necessary
mkali,sharp
mrengo,wing
kujenga,create
jirani,neighbor
osha,wash
bat kwa,bat
badala,rather
umati wa watu,crowd
nafaka,corn
kulinganisha,compare
shairi,poem
kamba,string
kengele,bell
hutegemea,depend
nyama,meat
kusugua,rub
tube,tube
maarufu,famous
dola,dollar
mkondo,stream
hofu,fear
mbele,sight
nyembamba,thin
pembetatu,triangle
sayari,planet
haraka,hurry
wakuu,chief
koloni,colony
saa,clock
yangu,mine
tie,tie
kuingia,enter
kuu,major
safi,fresh
search,search
kutuma,send
njano,yellow
bunduki,gun
kuruhusu,allow
magazeti,print
wafu,dead
doa,spot
jangwa,desert
suti,suit
sasa,current
kuinua,lift
kufufuka,rose
kuwasili,arrive
bwana,master
kufuatilia,track
mzazi,parent
pwani,shore
mgawanyiko,division
karatasi,sheet
Dutu,substance
neema,favor
kuungana,connect
baada,post
kutumia,spend
gumzo,chord
mafuta,fat
furaha,glad
awali,original
kushiriki,share
kituo cha,station
baba,dad
mkate,bread
malipo,charge
sahihi,proper
bar ya,bar
kutoa,offer
sehemu,segment
mtumwa,slave
bata,duck
papo,instant
soko,market
shahada ya,degree
idadi ya,populate
kifaranga,chick
wapenzi,dear
adui,enemy
jibu,reply
kunywa,drink
kutokea,occur
msaada,support
hotuba,speech
asili,nature
mbalimbali,range
mvuke,steam
mwendo,motion
njia,path
kioevu,liquid
kuingia,log
maana,meant
quotient ya,quotient
meno,teeth
ganda,shell
shingo,neck
oksijeni,oxygen
sukari,sugar
kifo,death
wa pretty,pretty
ujuzi,skill
wanawake,women
msimu,season
ufumbuzi,solution
sumaku,magnet
fedha,silver
kuwashukuru,thank
tawi,branch
mechi,match
suffix,suffix
hasa,especially
mtini,fig
hofu,afraid
kubwa,huge
dada,sister
chuma,steel
kujadili,discuss
mbele,forward
sawa,similar
kuongoza,guide
uzoefu,experience
alama,score
mboni,apple
kununuliwa,bought
kuongozwa,led
lami,pitch
kanzu,coat
habari,mass
kadi,card
bendi,band
kamba,rope
kuingizwa,slip
kushinda,win
ndoto,dream
jioni,evening
hali,condition
kulisha,feed
chombo,tool
jumla,total
msingi,basic
harufu,smell
bonde,valley
wala,nor
mara mbili,double
kiti cha,seat
kuendelea,continue
kuzuia,block
chati,chart
kofia,hat
kuuza,sell
mafanikio,success
kampuni,company
Ondoa,subtract
tukio,event
hasa,particular
mpango,deal
kuogelea,swim
mrefu,term
kinyume,opposite
mke,wife
kiatu,shoe
bega,shoulder
kuenea,spread
kupanga,arrange
kambi,camp
mzulia,invent
pamba,cotton
aliyezaliwa,born
kuamua,determine
lita moja,quart
tisa,nine
lori,truck
kelele,noise
ngazi ya,level
nafasi,chance
kukusanya,gather
duka,shop
kunyoosha,stretch
kutupa,throw
uangaze,shine
mali,property
safu,column
molekuli,molecule
kuchagua,select
makosa,wrong
kijivu,gray
kurudia,repeat
zinahitaji,require
pana,broad
kuandaa,prepare
chumvi,salt
pua,nose
wingi,plural
hasira,anger
madai,claim
bara,continent
,
Do,fanya
Go,kwenda
He,yeye
Me,mimi
My,yangu
No,Hapana
On,juu
Or,au
So,hivyo
Up,juu
We,sisi
Act,kitendo
Add,ongeza
Age,umri
Aim,lengo
Air,hewa
All,zote
Ant,mchwa
Any,yoyote
Ask,uliza
Bad,mbaya
Big,kubwa
Buy,kununua
Cry,kulia
Dam,bwawa
Die,kufa
Dry,kavu
End,mwisho
Ear,sikio
Eat,kula
Egg,yai
Eye,jicho
Fat,mafuta
Fly,kuruka
Fun,furaha
Get,pata
God,mungu
Hen,kuku
Hot,moto
Job,kazi
Leg,mguu
Lie,uongo
Low,chini
Mad,wazimu
Man,mtu
Not,sivyo
Now,sasa
New,mpya
Old,mzee
Own,mwenyewe
Run,kukimbia
Sad,huzuni
Sea,baharini
See,ona
Shy,aibu
Sit,kukaa
Sum,jumla
Sun,jua
Tax,Kodi
Try,jaribu
Use,kutumia
War,vita
Wet,mvua
Why,kwa nini
Win,kushinda
Yes,ndio
You,wewe
Also,pia
Baby,mtoto
Back,nyuma
Bake,bake
Bald,upara
Ball,mpira
Bark,gome
Bath,kuoga
Beet,beti
Bend,pinda
Best,bora zaidi
Bird,ndege
Bold,ujasiri
Bone,mfupa
Book,kitabu
Born,kuzaliwa
Both,zote mbili
Busy,busy
Call,wito
Calm,utulivu
Care,kujali
Come,njoo
Cost,gharama
Cute,mzuri
Crow,kunguru
Dare,kuthubutu
Dark,giza
Date,tarehe
Deal,mpango
Diet,mlo
Dish,sahani
Door,mlango
Down,chini
Dust,vumbi
Each,kila mmoja
Earn,kulipwa
Easy,rahisi
Edge,makali
Evil,uovu
Exit,Utgång
Face,uso
Fact,ukweli
Fair,haki
Fake,bandia
Farm,shamba
Fast,haraka
Fear,hofu
Feel,kuhisi
Find,tafuta
Fine,vizuri
Fish,samaki
Food,chakula
Fool,mjinga
Free,bure
Frog,chura
Full,kamili
Gape,gape
Gift,zawadi
Girl,msichana
Goat,mbuzi
Good,nzuri
Grab,kunyakua
Grow,kukua
Half,nusu
Hate,chuki
Head,kichwa
Hear,sikia
Heat,joto
Help,msaada
Here,hapa
Hide,kujificha
High,juu
Hold,shika
Hole,shimo
Home,nyumbani
Huge,kubwa
Hurt,kuumiza
Idea,wazo
Jump,kuruka
Just,tu
Kill,kuua
Land,ardhi
Last,mwisho
Late,marehemu
Left,kushoto
Life,maisha
Line,mstari
Lion,simba
Long,ndefu
Look,tazama
Lost,potea
Love,upendo
Luck,bahati
Lung,mapafu
Many,nyingi
Meet,kukutana
Melt,kuyeyuka
Milk,maziwa
Must,lazima
,
Name,jina
Near,karibu
Neat,nadhifu
Neck,shingo
Need,haja
Next,ijayo
Only,pekee
Pain,maumivu
Pair,jozi
Park,mbuga
Path,njia
Play,kucheza
Poor,maskini
Pull,vuta
Pure,safi
Quit,acha
Quiz,chemsha bongo
Race,mbio
Rain,mvua
Rare,nadra
Real,halisi
Rent,kodisha
Rest,pumzika
Rich,tajiri
Ride,panda
Rise,kupanda
Risk,hatari
Room,chumba
Rope,kamba
Rude,jeuri
Sage,hekima
Sail,tanga
Salt,chumvi
Same,sawa
Sand,mchanga
Save,kuokoa
Scam,kashfa
Seed,mbegu
Seek,tafuta
Self,binafsi
Sell,kuuza
Send,tuma
Shop,Duka
Show,onyesha
Sick,mgonjwa
Side,upande
Site,tovuti
Size,ukubwa
Skin,ngozi
Slow,polepole
Soft,laini
Soil,udongo
Some,baadhi
Soon,hivi karibuni
Stay,kukaa
Stop,acha
Such,vile
Swap,kubadilishana
Swim,kuogelea
Take,kuchukua
Talk,kuzungumza
Tall,mrefu
Team,timu
Tell,sema
Tent,hema
That,hiyo
Then,basi
Thin,nyembamba
This,hii
Tide,wimbi
Time,wakati
Tour,ziara
Town,mji
Tree,mti
Trip,safari
Turn,kugeuka
Ugly,mbaya
Vase,chombo hicho
Vein,mshipa
Very,sana
View,mtazamo
Wage,mshahara
Wait,subiri
Wake,kuamka
Walk,tembea
Wall,ukuta
Want,kutaka
Warm,joto
Warn,onya
Weak,dhaifu
Wear,kuvaa
Week,wiki
Well,vizuri
Went,akaenda
What,nini
When,lini
Wide,pana
Wife,mke
Wild,mwitu
Will,mapenzi
Wind,upepo
Wine,mvinyo
Wish,tamani
Wood,mbao
Wool,pamba
Word,neno
Work,kazi
Worm,mdudu
Yarn,uzi
Your,yako
Zoom,zoom
About,kuhusu
Above,juu
Adapt,kukabiliana
Admit,kubali
Adult,mtu mzima
After,baada ya
Again,tena
Agree,kubali
Alert,tahadhari
Allow,kuruhusu
Alone,peke yake
Along,pamoja
Anger,hasira
Angle,pembe
Angry,hasira
Asset,mali
Avoid,kuepuka
Awake,macho
Aware,kufahamu
Begin,kuanza
Birth,kuzaliwa
Blood,damu
Brain,ubongo
Built,kujengwa
Bring,kuleta
Build,kujenga
Camel,ngamia
Canal,mfereji
Carry,kubeba
Cheap,nafuu
Cheat,kudanganya
Check,angalia
Chest,kifua
Claim,dai
Clean,safi
Clear,wazi
Climb,kupanda
Close,karibu
Cloth,kitambaa
Cloud,wingu
Color,rangi
Crime,uhalifu
Crowd,umati wa watu
Crown,taji
Daily,kila siku
Dance,ngoma
Death,kifo
Decay,kuoza
Delay,kuchelewa
Devil,shetani
,
Dirty,chafu
Dress,nguo
Drink,kunywa
Drive,endesha
Dwell,kukaa
Eager,hamu
Eagle,tai
Early,mapema
Earth ,ardhi
Elder,mzee
Empty,tupu
Enemy,adui
Enjoy,kufurahia
Entry,kuingia
Equal,sawa
Essay,insha
Event,tukio
Every,kila
Exact,halisi
Exist,kuwepo
Extra,ziada
Faith,imani
Fault,kosa
Fever,homa
Field,shamba
Final,mwisho
Fleet,meli
Float,kuelea
Flood,mafuriko
Floor,sakafu
Flour,unga
Fluid,majimaji
Focus,kuzingatia
Force,nguvu
Fraud,ulaghai
Fresh,safi
Front,mbele
Fruit,matunda
Ghost,mzimu
Globe,dunia
Going,kwenda
Grain,nafaka
Grant,ruzuku
Grass,nyasi
Great,kubwa
Group,kikundi
Guard,mlinzi
Guest,mgeni
Habit,tabia
Heart,moyo
Honey,asali
Horse,farasi
,
House,nyumba
Human,binadamu
Ideal,bora
Issue,suala
Judge,Hakimu
Knife,kisu
Labor,kazi
Ladle,ladle
Large,kubwa
Laugh,Cheka
Learn,jifunze
Leave,kuondoka
Legal,kisheria
Limit,kikomo
Lunch,chakula cha mchana
Metal,chuma
Mixed,mchanganyiko
Money,pesa
Month,mwezi
Mount,mlima
Mouth,mdomo
Music,muziki
Maize,mahindi
Naked,uchi
Never,kamwe
Night,usiku
Niece,mpwa
Noise,kelele
Occur,kutokea
Ocean,Bahari
Onion,kitunguu
Offer,kutoa
Order,agizo
Organ,chombo
Other,nyingine
Owner,mmiliki
Paddy,mpunga
Panic,wasiwasi
Peace,amani
Place,mahali
Plant,mmea
Price,bei
Pride,kiburi
Proud,fahari
Prove,thibitisha
Quilt,mto
Quick,haraka
Quite,kabisa
Raise,kuinua
Reach,kufikia
React,kuguswa
Ready,tayari
Reply,jibu
Right,haki
Round,pande zote
Rural,vijijini
,
Saint,mtakatifu
Scope,upeo
Score,alama
Sense,maana
Shake,tikisa
Shape,umbo
Share,shiriki
Sharp,mkali
Shrub,kichaka
Skill,ujuzi
Sleep,kulala
Slope,mteremko
Small,ndogo
Smell,harufu
Smile,tabasamu
Snake,nyoka
Snore,koroma
Solid,imara
Sound,sauti
Space,nafasi
Speak,zungumza
Speed,kasi
Spend,tumia
Spent,zilizotumika
Sperm,manii
Sport,mchezo
Stand,kusimama
Steam,mvuke
Stone,jiwe
Story,hadithi
Taste,ladha
Teach,fundisha
Teeth,meno
Thank,asante
There,hapo
These,haya
Thick,nene
Thing,jambo
Tiger,simbamarara
Today,leo
Total,jumla
Treat,kutibu
Trend,mwenendo
Tried,walijaribu
Trust,uaminifu
Truth,ukweli
Twice,mara mbili
Under,chini
Upper,juu
Urban,mjini
Visit,tembelea
Voice,sauti
Vomit,kutapika
Waste,upotevu
Water,maji
Wheat,ngano
Where,wapi
White,nyeupe
Whole,mzima
Woman,mwanamke
World,dunia
Worst,mbaya zaidi
Write,andika
Wrong,vibaya
Yield,mavuno
Young,vijana
Absent,kutokuwepo
Accept,kukubali
Admire,admire
Advice,ushauri
Almost,karibu
Always,kila mara
Animal,mnyama
Answer,jibu
Appeal,rufaa
Appear,onekana
Arrive,kufika
Artist,msanii
Assist,kusaidia
Attack,shambulio
Attach,ambatisha
Attend,hudhuria
Bangle,bangili
Before,kabla
Behind,nyuma
Bellow,chini
Better,bora
Borrow,azima
Bottom,chini
Broken,kuvunjwa
Budget,bajeti
Cancel,ghairi
Cancer,saratani
Carrot,karoti
Cattle,ng’ombe
Common,kawaida
Compel,kulazimisha
Corner,kona
Couple,wanandoa
Course,kozi
Create,kuunda
Custom,desturi
Damage,uharibifu
Dancer,mchezaji
Danger,hatari
Decade,muongo
Defeat,kushindwa
Delete,kufuta
Demand,mahitaji
Desire,hamu
Detail,undani
Dinner,chajio
Divine,Mungu
Donkey,punda
Double,mara mbili
Edible,ya kuliwa
,
Effect,athari
Either,ama
Empire,himaya
Energy,nishati
Enough,kutosha
Ensure,kuhakikisha
Entire,nzima
Except,isipokuwa
Expand,panua
Expect,tarajia
Export,kuuza nje
Extend,kupanua
Facade,facade
Family,familia
Famous,maarufu
Faulty,kasoro
Favour,upendeleo
Famous,maarufu
Favour,upendeleo
Female,kike
Fiance,mchumba
Finish,kumaliza
Flower,ua
Forest,msitu
Forgot,sahau
Freeze,kufungia
Friend,rafiki
Future,baadaye
Garage,karakana
Garden,bustani
Garlic,vitunguu saumu
Ginger,tangawizi
Global,kimataifa
Ground,ardhi
Growth,ukuaji
Health,afya
Hidden,siri
Honest,mwaminifu
Honour,heshima
Hostel,hosteli
Humble,mnyenyekevu
Hungry,njaa
Ignore,kupuuza
Impact,athari
Impure,najisi
Income,mapato
Inform,taarifa
Insect,wadudu
Inside,ndani
Jungle,msituni
Kidnap,Teka nyara
Kindle,washa
Labour,kazi
,
Leader,kiongozi
Length,urefu
Letter,barua
Liquid,kioevu
Little,kidogo
Living,kuishi
Lizard,mjusi
Locate,tafuta
Luxury,anasa
Making,kutengeneza
Mammal,mamalia
Manage,kusimamia
Manual,mwongozo
Market,soko
Mental,kiakili
Method,njia
Middle,katikati
Monkey,tumbili
Mother,mama
Muscle,misuli
Narrow,nyembamba
Native,asili
Nature,asili
Normal,kawaida
Number,nambari
Object,kitu
Office,ofisi
Option,chaguo
Parent,mzazi
Parrot,kasuku
People,watu
Person,mtu
Pickle,kachumbari
Picnic,picnic
Pigeon,njiwa
Planet,sayari
Please,tafadhali
Plenty,mengi
Police,polisi
Potato,viazi
Praise,sifa
Prayer,maombi
Pretty,nzuri
Prince,mkuu
Profit,faida
Proper,sahihi
Public,umma
Rabbit,sungura
Recent,hivi karibuni
Recipe,mapishi
Record,rekodi
Reduce,kupunguza
Regret,majuto
Reject,kukataa
Remind,kumbusha
,
Remove,ondoa
Repair,ukarabati
Repeat,kurudia
Return,kurudi
Rotate,zungusha
Safety,usalama
Salary,mshahara
Sample,sampuli
School,shule
Screen,skrini
Script,hati
Scroll,tembeza
Search,tafuta
Season,msimu
Secret,siri
Secure,salama
Select,chagua
Senior,mwandamizi
Shield,ngao
Should,lazima
Shower,kuoga
Silent,kimya
Single,single
Sister,dada
Smooth,Nyororo
Social,kijamii
Speech,hotuba
Street,mtaani
Strong,nguvu
Sudden,ghafla
Summer,majira ya joto
Supply,usambazaji
Talent,talanta
Temple,hekalu
Thread,uzi
Thrill,msisimko
Throat,koo
Tittle,kichwa
Toilet,choo
Tomato,nyanya
Tongue,ulimi
Travel,kusafiri
Tunnel,handaki
Turtle,kasa
Unseen,isiyoonekana
Update,sasisha
Urgent,haraka
Useful,muhimu
Vacate,kuondoka
Vacuum,utupu
Vapour,mvuke
Verify,thibitisha
Virgin,bikira
Wealth,utajiri
Weekly,kila wiki
Weight,uzito
Winter,majira ya baridi
Winner,mshindi
Wonder,ajabu
Worker,mfanyakazi
Writer,mwandishi
Yearly,kila mwaka
Achieve,kufikia
Advance,mapema
Against,dhidi ya
Already,tayari
Ancient,kale
Anybody,mtu yeyote
Approve,kuidhinisha
Apology,kuomba msamaha
Archive,kumbukumbu
Arrange,panga
Arrival,kuwasili
Article,makala
Attempt,jaribio
Attract,kuvutia
Average,wastani
Bandage,Bandeji
Barrage,ugomvi
Barrier,kizuizi
Because,kwa sababu
Benefit,faida
Between,kati
Cabbage,kabichi
Capture,kukamata
Careful,makini
Carrier,carrier
Century,karne
Certain,fulani
Chamber,chumba
Chapter,sura
Charity,hisani
Climate,hali ya hewa
Coconut,nazi
Collect,kukusanya
College,chuo
Comfort,faraja
Command,amri
Comment,maoni
Company,kampuni
Compare,kulinganisha
Concept,dhana
Concern,wasiwasi
Conduct,mwenendo
Confirm,thibitisha
Connect,kuunganisha
Contact,mawasiliano
Control,kudhibiti
Convert,kubadilisha
Correct,sahihi
Costume,vazi
Cottage,nyumba ndogo
Country,nchi
Courage,ujasiri
Cucumber,tango
Curious,kutaka kujua
Declare,tangaza
Defense,ulinzi
Dentist,Daktari wa meno
Deposit,amana
Despite,licha ya
Destiny,hatima
Destroy,kuharibu
Develop,kuendeleza
Disease,ugonjwa
Display,kuonyesha
Disturb,kuvuruga
Dynasty,nasaba
Eagerly,kwa shauku
Earning,kipato
Eatable,kuliwa
Ecology,ikolojia
Economy,uchumi
Edition,toleo
Elegant,kifahari
Enhance,kuimarisha
Episode,kipindi
Example,mfano
Evening,jioni
Exclude,tenga
Explain,kueleza
Explore,kuchunguza
Educate,kuelimisha
Factory,kiwanda
Failure,kushindwa
Feature,kipengele
Finance,fedha
Flavour,ladha
Fluency,ufasaha
Forever,milele
Further,zaidi
Garment,vazi
General,jumla
Genuine,halisi
Glamour,uzuri
Grammar,sarufi
Grocery,mboga
Habitat,makazi
Harmful,madhara
Harvest,mavuno
Heading,kichwa
Hearing,kusikia
Helpful,kusaidia
History,historia
Holding,kushikilia
Holiday,Sikukuu
Hundred,mia
Husband,mume
Hygiene,usafi
Impress,kuvutia
,
Improve,kuboresha
Include,ni pamoja na
Initial,awali
Inspect,kagua
Inspire,kuhamasisha
Journey,safari
Justice,haki
Leading,inayoongoza
Leather,ngozi
Leaving,kuondoka
Lecture,hotuba
Liberal,huria
Lovable,kupendwa
Luggage,mizigo
Manager,Meneja
Maximum,upeo
Meaning,maana
Measure,kipimo
Medical,matibabu
Message,ujumbe
Migrant,mhamiaji
Mineral,madini
Minimum,kiwango cha chini
Miracle,muujiza
Missile,kombora
Missing,kukosa
Mistake,kosa
Morning,asubuhi
Mustard,haradali
Mystery,siri
Narrate,simulia
Natural,asili
Naughty,mtukutu
Neglect,kupuuza
Neither,wala
Nervous,neva
Network,mtandao
Nothing,hakuna kitu
Observe,tazama
Opening,ufunguzi
Operate,fanya kazi
Opinion,maoni
Organic,kikaboni
Ostrich,mbuni
Package,kifurushi
Painful,chungu
Partial,sehemu
Passage,kifungu
Patient,mgonjwa
Payment,malipo
Penalty,adhabu
Pending,inasubiri
Penguin,pengwini
Pension,pensheni
Perfect,kamili
Perfume,manukato
Popular,maarufu
Pottery,ufinyanzi
Poverty,umaskini
Prevent,kuzuia
Privacy,faragha
,
Private,Privat
Problem,tatizo
Produce,kuzalisha
Propose,pendekeza
Purpose,kusudi
Quality,ubora
Quickly,haraka
Receive,kupokea
Regular,mara kwa mara
Related,kuhusiana
Release,kutolewa
Replace,badala
Reptile,mtambaazi
Request,ombi
Respect,heshima
Respond,jibu
Revenge,kulipiza kisasi
Revenue,mapato
Reverse,kinyume
Robbery,wizi
Romance,mapenzi
Science,sayansi
Serious,serious
Servant,mtumishi
Service,huduma
Similar,sawa
Society,jamii
Sparrow,shomoro
Special,Maalum
Stomach,tumbo
Student,mwanafunzi
Success,mafanikio
Suggest,pendekeza
Suicide,kujiua
Support,msaada
Suspend,kusimamisha
Teacher,mwalimu
Teenage,kijana
Tension,mvutano
Tourism,utalii
Trouble,shida
Uniform,sare
Utility,matumizi
Vacancy,nafasi
Variety,tofauti
Vehicle,gari
Village,kijiji
Vintage,mavuno
Victory,ushindi
Violent,vurugu
Visible,inayoonekana
Visitor,mgeni
Vitamin,vitamini
Walking,kutembea
Wanting,kutaka
Warning,onyo
Wealthy,tajiri
Weather,hali ya hewa
Wedding,harusi
Welcome,karibu
Welfare,ustawi
Winning,kushinda
Working,kufanya kazi
Worried,wasiwasi
Worship,ibada
Writing,kuandika
Abnormal,isiyo ya kawaida
Absolute,kabisa
Accepted,kukubaliwa
Accident,ajali
Accuracy,usahihi
Activate,amilisha
Addition,nyongeza
Adequate,ya kutosha
Affected,walioathirika
Alphabet,alfabeti
Anything,chochote
Anywhere,popote
Appraise,kuthamini
Approach,mbinu
Approval,ruhusa
Argument,hoja
Assemble,kukusanyika
Attitude,mtazamo
Audience,watazamaji
Attorney,wakili
Aviation,anga
Backward,nyuma
Beginner,mwanzilishi
Birthday,siku ya kuzaliwa
Bleeding,Vujadamu
Building,jengo
Campaign,kampeni
Carriage,gari
Children,watoto
Cleavage,kupasuka
Complete,kamili
Conserve,hifadhi
Consider,zingatia
Consumer,mtumiaji
Continue,endelea
Criminal,jinai
Critical,muhimu
Daughter,binti
Decision,uamuzi
Decrease,kupungua
Delicate,maridadi
Delivery,utoaji
Delusion,udanganyifu
Describe,eleza
Disagree,kutokubaliana
Disallow,kutoruhusu
Duration,muda
Economic,kiuchumi
Elephant,tembo
Eligible,kustahiki
Employee,mfanyakazi
Enormous,mkubwa
Entrance,Ingång
Envelope,bahasha
Estimate,makisio
Everyday,kila siku
Exercise,mazoezi
Explicit,wazi
Exposure,kuwemo hatarini
External,ya nje
Facility,kituo
Faithful,mwaminifu
Favorite,favorite
Favorite,favorite
Festival,tamasha
Flexible,kunyumbulika
Friction,msuguano
Generate,kuzalisha
Greeting,salamu
Guardian,mlezi
Heritage,urithi
Horrible,ya kutisha
Hospital,hospitali
Humorous,mcheshi
Identity,utambulisho
Incident,tukio
Increase,Ongeza
Indicate,onyesha
Industry,viwanda
Jealousy,wivu
Learning,kujifunza
Location,eneo
Majority,wengi
Marriage,ndoa
Material,nyenzo
Medicine,dawa
Moderate,wastani
Mosquito,mbu
Mountain,mlima
Narrator,msimulizi
Nutrient,virutubisho
Opposite,kinyume
Original,asili
Ornament,pambo
Painting,uchoraji
Particle,chembe
Patience,subira
Pleasure,furaha
Position,nafasi
Positive,chanya
Possible,inawezekana
Postpone,ahirisha
Powerful,yenye nguvu
Precious,ya thamani
Pregnant,mimba
Pressure,shinikizo
Previous,uliopita
Progress,maendeleo
Prohibit,kataza
Property,mali
Purchase,kununua
Quantity,wingi
Recovery,kupona
Regional,kikanda
Relevant,husika
Religion,dini
Remember,kumbuka
Research,utafiti
Resource,rasilimali
Response,majibu
Restrict,zuia
Revision,marudio
Sensible,mwenye busara
Sentence,sentensi
Separate,tofauti
Stranger,mgeni
Strategy,mkakati
Strength,nguvu
Struggle,mapambano
Suitable,yanafaa
Superior,mkuu
Surprise,mshangao
Swelling,uvimbe
Terrible,ya kutisha
Together,pamoja
Tomorrow,kesho
Training,mafunzo
Transfer,uhamisho
Transmit,sambaza
Treasure,hazina
Umbrella,mwavuli
Universe,ulimwengu
Vacation,likizo
Validate,kuhalalisha
Vertical,wima
Vigorous,yenye nguvu
Violence,vurugu
Vocation,wito
Vomiting,kutapika
Wildlife,wanyamapori
Yielding,kujitoa
Yourself,mwenyewe
Youthful,ujana
Accession,kujiunga
Accessory,nyongeza
Accompany,ongozana
Actualize,timiza
Admirable,ya kupendeza
Advantage,faida
Advisable,inashauriwa
Affection,mapenzi
Affiliate,mshirika
Afternoon,mchana
Aggregate,jumla ya mabao
Agreement,makubaliano
Allowance,posho
Alternate,mbadala
Ambiguous,utata
Animation,uhuishaji
Apologist,mwombezi
Applicant,mwombaji
Architect,mbunifu
Associate,mshirika
Astronomy,elimu ya nyota
Attention,umakini
Attribute,sifa
Authority,mamlaka
Automatic,moja kwa moja
Available,inapatikana
Awareness,ufahamu
Beautiful,mrembo
Behaviour,tabia
Butterfly,kipepeo
Calibrate,rekebisha
Candidate,mgombea
Celebrate,kusherehekea
Challenge,changamoto
Confident,kujiamini
Confusion,mkanganyiko
Conscious,Fahamu
Crocodile,mamba
Curiosity,udadisi
Dangerous,hatari
Delicious,ladha
Democracy,demokrasia
Dependent,tegemezi
Different,tofauti
Difficult,magumu
Discovery,ugunduzi
Dishonest,wasio waaminifu
Diversity,utofauti
Duplicate,nakala
Education,elimu
,
Effective,ufanisi
Emergency,dharura
Equipment,vifaa
Essential,muhimu
Establish,kuanzisha
Evolution,mageuzi
Excellent,bora
Expensive,ghali
Fantastic,ajabu
Fertility,uzazi
Financial,kifedha
Generally,kwa ujumla
Glamorous,mrembo
Happening,kutokea
Household,kaya
Identical,kufanana
Important,muhimu
Incorrect,si sahihi
Incorrupt,wasio na rushwa
Influence,ushawishi
Insurance,bima
Interview,mahojiano
Intestine,utumbo
Introduce,tambulisha
Invention,uvumbuzi
Invisible,asiyeonekana
Irregular,isiyo ya kawaida
Jewellery,vito
Knowledge,maarifa
Liability,Dhima
Misbehave,fanya vibaya
Narration,simulizi
Necessity,umuhimu
Negotiate,kujadiliana
Nutrition,lishe
Offensive,kukera
Partition,kizigeu
Political,kisiasa
Pollution,Uchafuzi
Potential,uwezo
Practical,vitendo
Precision,usahihi
Privilege,upendeleo
Procedure,utaratibu
Prominent,maarufu
Professor,profesa
Promotion,kukuza
Provoking,kuchochea
Qualified,waliohitimu
Reference,kumbukumbu
Repulsion,kukataa
Residence,makazi
Sacrifice,sadaka
Sensitive,nyeti
Something,kitu
Statement,kauli
Subscribe,jiandikishe
Substance,dutu
Sugarcane,muwa
Sunflower,alizeti
Surrender,kujisalimisha
Technical,kiufundi
Temporary,ya muda
Terrorist,kigaidi
Treatment,matibabu
Variation,tofauti
Vegetable,mboga
Virginity,ubikira
Yesterday,jana
Abbreviate,fupisha
Absolutely,kabisa
Absorption,kunyonya
Acceptable,kukubalika
Achievable,kufikiwa
Additional,ziada
Admiration,pongezi
Adolescent,kijana
Adulterant,mzinzi
Adventurer,mzinduzi
Afterwards,baadaye
Aggression,uchokozi
Alteration,mabadiliko
Ambassador,balozi
Analytical,uchambuzi
Antibiotic,antibiotic
Anticipate,tarajia
Appreciate,thamini
Artificial,bandia
Aspiration,hamu
Assignment,kazi
Atmosphere,anga
Attachment,kiambatisho
Attraction,kivutio
Chloroform,klorofomu
Combustion,mwako
Commission,tume
Compassion,huruma
Compulsory,lazima
Conclusion,hitimisho
Confection,chanjo
Corruption,rushwa
Decoration,mapambo
Dedication,kujitolea
Deficiency,upungufu
Definition,ufafanuzi
Department,idara
Depression,huzuni
Dictionary,kamusi
Discipline,nidhamu
Disclaimer,kanusho
Disclosure,kufichua
Discussion,majadiliano
Efficiency,ufanisi
Employment,ajira
Engagement,uchumba
Everything,kila kitu
Everywhere,kila mahali
Exhibition,maonyesho
Experience,uzoefu
Experiment,majaribio
Expiration,kumalizika muda wake
Expression,kujieleza
Fertilizer,mbolea
Foundation,msingi
Generation,kizazi
Government,serikali
Importance,umuhimu
Impossible,haiwezekani
Inadequate,haitoshi
Incomplete,haijakamilika
Incredible,ajabu
Individual,mtu binafsi
Inspection,ukaguzi
Instrument,chombo
Irrigation,umwagiliaji
Journalism,uandishi wa habari
Management,usimamizi
Moderation,kiasi
Motivation,motisha
Negligible,kupuuzwa
Occupation,kazi
Particular,maalum
Passionate,mwenye shauku
Permission,ruhusa
Population,idadi ya watu
Production,uzalishaji
Prostitute,kahaba
Protection,ulinzi
Psychology,saikolojia
Punishment,adhabu
Quarantine,karantini
Retirement,kustaafu
Sufficient,kutosha
Supervisor,msimamizi
Supplement,nyongeza
University,chuo kikuu
Vegetarian,mboga
Visibility,kujulikana
Vulnerable,mazingira magumu
Accommodate,malazi
Achievement,mafanikio
Acknowledge,Tambua
Affirmation,uthibitisho
Aggregation,mkusanyiko
Agriculture,kilimo
Alternation,mbadala
Anniversary,maadhimisho ya miaka
Application,maombi
Appointment,uteuzi
Appreciable,kuthaminiwa
Approximate,takriban
Association,muungano
Certificate,cheti
Competition,ushindani
Cultivation,ukulima
Corporation,shirika
Cooperation,ushirikiano
Dehydration,upungufu wa maji mwilini
Discontinue,kusitisha
Elimination,kuondoa
Environment,mazingira
Evaporation,uvukizi
Examination,uchunguzi
Expenditure,matumizi
Fabrication,utengenezaji
Improvement,uboreshaji
Independent,kujitegemea
Information,habari
Inspiration,msukumo
Institution,taasisi
Instruction,maelekezo
Intelligent,mwenye akili
Manufacture,utengenezaji
Measurement,kipimo
Mensuration,hedhi
Observation,uchunguzi
Opportunity,fursa
Participant,mshiriki
Performance,utendaji
Preparation,maandalizi
Significant,muhimu
Temperature,joto
Translation,tafsiri
Transparent,uwazi
Vaccination,chanjo
Abbreviation,ufupisho
Administrate,simamia
Appreciation,kuthamini
Accommodation,malazi
Accompaniment,kusindikiza
Administrator,msimamizi
Advertisement,tangazo
Administration,utawala
Acknowledgement,kukiri
Conformation,conformation
Conservation,uhifadhi
Constitution,katiba
Construction,ujenzi
Contribution,mchango
Communication,mawasiliano
Classification,uainishaji
Congratulation,pongezi
Disadvantage,hasara
Entrepreneur,mjasiriamali
Entertainment,burudani
Extraordinary,isiyo ya kawaida
Horticulture,kilimo cha bustani
Intermediate,kati
Introduction,utangulizi
Investigation,uchunguzi
International,kimataifa
Identification,kitambulisho
Justification,kuhesabiwa haki
Knowledgeable,mwenye ujuzi
Maintainable,inayoweza kudumishwa
Organization,shirika
Presentation,uwasilishaji
Preservation,uhifadhi
Purification,utakaso
Participation,ushiriki
Registration,usajili
Reproduction,uzazi
Satisfaction,kuridhika
Self-confidence,kujiamini
Transformation,mabadiliko
Transportation,usafiri
